Barcode,Epc,Item,Description,Picture URL,Department,Category,Size,Color,Price
4961004567295,30352ECBB03766403B9ACA01,100011,DN T-Shirt,,Unisex,Shirt,L,Green,30
4961004567295,30352ECBB03766403B9ACA02,100011,DN T-Shirt,,Unisex,Shirt,L,Green,30
4961004567295,30352ECBB03766403B9ACA03,100011,DN T-Shirt,,Unisex,Shirt,L,Green,30
4961004567295,30352ECBB03766403B9ACA04,100011,DN T-Shirt,,Unisex,Shirt,L,Green,30
4961004567295,30352ECBB03766403B9ACA05,100011,DN T-Shirt,,Unisex,Shirt,L,Green,30
4961004567295,30352ECBB03766403B9ACA06,100011,DN T-Shirt,,Unisex,Shirt,L,Green,30
4961004567295,30352ECBB03766403B9ACA07,100011,DN T-Shirt,,Unisex,Shirt,L,Green,30
4961004567295,30352ECBB03766403B9ACA08,100011,DN T-Shirt,,Unisex,Shirt,L,Green,30
4961004567295,30352ECBB03766403B9ACA09,100011,DN T-Shirt,,Unisex,Shirt,L,Green,30
4961004567295,30352ECBB03766403B9ACA0A,100011,DN T-Shirt,,Unisex,Shirt,L,Green,30
4961004567295,30352ECBB03766403B9ACA0B,100011,DN T-Shirt,,Unisex,Shirt,L,Green,30
4961004567295,30352ECBB03766403B9ACA0C,100011,DN T-Shirt,,Unisex,Shirt,L,Green,30
4961004567295,30352ECBB03766403B9ACA0D,100011,DN T-Shirt,,Unisex,Shirt,L,Green,30
4961004567288,30352ECBB03766003B9ACA01,100011,DN T-Shirt,,Unisex,Shirt,XS,Yellow,30
4961004567288,30352ECBB03766003B9ACA02,100011,DN T-Shirt,,Unisex,Shirt,XS,Yellow,30
4961004567288,30352ECBB03766003B9ACA03,100011,DN T-Shirt,,Unisex,Shirt,XS,Yellow,30
4961004567288,30352ECBB03766003B9ACA04,100011,DN T-Shirt,,Unisex,Shirt,XS,Yellow,30
4961004567288,30352ECBB03766003B9ACA05,100011,DN T-Shirt,,Unisex,Shirt,XS,Yellow,30
4961004567288,30352ECBB03766003B9ACA06,100011,DN T-Shirt,,Unisex,Shirt,XS,Yellow,30
4961004567288,30352ECBB03766003B9ACA07,100011,DN T-Shirt,,Unisex,Shirt,XS,Yellow,30
4961004567288,30352ECBB03766003B9ACA08,100011,DN T-Shirt,,Unisex,Shirt,XS,Yellow,30
4961004567288,30352ECBB03766003B9ACA09,100011,DN T-Shirt,,Unisex,Shirt,XS,Yellow,30
4961004567271,30352ECBB03765C03B9ACA01,100011,DN T-Shirt,,Unisex,Shirt,M,Yellow,30
4961004567264,30352ECBB03765803B9ACA01,100010,DN T-Shirt,,Unisex,Shirt,2XL,Yellow,30
4961004567257,30352ECBB03765403B9ACA01,100010,DN T-Shirt,,Unisex,Shirt,3XL,Yellow,30
4961004567240,30352ECBB03765003B9ACA01,100009,DN T-Shirt,,Unisex,Shirt,XS,Orange,30
4961004567233,30352ECBB03764C03B9ACA01,100009,DN T-Shirt,,Unisex,Shirt,S,Orange,30
4961004567226,30352ECBB03764803B9ACA01,100009,DN T-Shirt,,Unisex,Shirt,L,Orange,30
4961004567219,30352ECBB03764403B9ACA01,100008,DN T-Shirt,,Unisex,Shirt,XL,Orange,30
4961004567202,30352ECBB03764003B9ACA01,100008,DN Team T-Shirt,,Unisex,Shirt,S,Dark Blue,50
4961004567196,30352ECBB03763C03B9ACA01,100007,DN Team T-Shirt,,Unisex,Shirt,M,Dark Blue,50
4961004567196,30352ECBB03763C03B9ACA02,100007,DN Team T-Shirt,,Unisex,Shirt,M,Dark Blue,50
4961004567189,30352ECBB03763803B9ACA01,100007,DN Polo-Shirt,,Unisex,Shirt,M,Dark Blue,80
4961004567189,30352ECBB03763803B9ACA02,100007,DN Polo-Shirt,,Unisex,Shirt,M,Dark Blue,80
4961004567189,30352ECBB03763803B9ACA03,100007,DN Polo-Shirt,,Unisex,Shirt,M,Dark Blue,80
4961004567189,30352ECBB03763803B9ACA04,100007,DN Polo-Shirt,,Unisex,Shirt,M,Dark Blue,80
4961004567189,30352ECBB03763803B9ACA05,100007,DN Polo-Shirt,,Unisex,Shirt,M,Dark Blue,80
4961004567189,30352ECBB03763803B9ACA06,100007,DN Polo-Shirt,,Unisex,Shirt,M,Dark Blue,80
4961004567189,30352ECBB03763803B9ACA07,100007,DN Polo-Shirt,,Unisex,Shirt,M,Dark Blue,80
4961004567189,30352ECBB03763803B9ACA08,100007,DN Polo-Shirt,,Unisex,Shirt,M,Dark Blue,80
4961004567189,30352ECBB03763803B9ACA09,100007,DN Polo-Shirt,,Unisex,Shirt,M,Dark Blue,80
4961004567189,30352ECBB03763803B9ACA0A,100007,DN Polo-Shirt,,Unisex,Shirt,M,Dark Blue,80
4961004567172,30352ECBB03763403B9ACA01,100006,DN Polo-Shirt,,Unisex,Shirt,L,Dark Blue,80
4961004567172,30352ECBB03763403B9ACA02,100006,DN Polo-Shirt,,Unisex,Shirt,L,Dark Blue,80
4961004567172,30352ECBB03763403B9ACA03,100006,DN Polo-Shirt,,Unisex,Shirt,L,Dark Blue,80
4961004567172,30352ECBB03763403B9ACA04,100006,DN Polo-Shirt,,Unisex,Shirt,L,Dark Blue,80
4961004567172,30352ECBB03763403B9ACA05,100006,DN Polo-Shirt,,Unisex,Shirt,L,Dark Blue,80
4961004567172,30352ECBB03763403B9ACA06,100006,DN Polo-Shirt,,Unisex,Shirt,L,Dark Blue,80
4961004567172,30352ECBB03763403B9ACA07,100006,DN Polo-Shirt,,Unisex,Shirt,L,Dark Blue,80
4961004567172,30352ECBB03763403B9ACA08,100006,DN Polo-Shirt,,Unisex,Shirt,L,Dark Blue,80
4961004567172,30352ECBB03763403B9ACA09,100006,DN Polo-Shirt,,Unisex,Shirt,L,Dark Blue,80
4961004567172,30352ECBB03763403B9ACA0A,100006,DN Polo-Shirt,,Unisex,Shirt,L,Dark Blue,80
4961004567172,30352ECBB03763403B9ACA0B,100006,DN Polo-Shirt,,Unisex,Shirt,L,Dark Blue,80
4961004567172,30352ECBB03763403B9ACA0C,100006,DN Polo-Shirt,,Unisex,Shirt,L,Dark Blue,80
4961004567172,30352ECBB03763403B9ACA0D,100006,DN Polo-Shirt,,Unisex,Shirt,L,Dark Blue,80
4961004567172,30352ECBB03763403B9ACA0E,100006,DN Polo-Shirt,,Unisex,Shirt,L,Dark Blue,80
4961004567172,30352ECBB03763403B9ACA0F,100006,DN Polo-Shirt,,Unisex,Shirt,L,Dark Blue,80
4961004567172,30352ECBB03763403B9ACA10,100006,DN Polo-Shirt,,Unisex,Shirt,L,Dark Blue,80
4961004567172,30352ECBB03763403B9ACA11,100006,DN Polo-Shirt,,Unisex,Shirt,L,Dark Blue,80
4961004567172,30352ECBB03763403B9ACA12,100006,DN Polo-Shirt,,Unisex,Shirt,L,Dark Blue,80
4961004567172,30352ECBB03763403B9ACA13,100006,DN Polo-Shirt,,Unisex,Shirt,L,Dark Blue,80
4961004567172,30352ECBB03763403B9ACA14,100006,DN Polo-Shirt,,Unisex,Shirt,L,Dark Blue,80
4961004567172,30352ECBB03763403B9ACA15,100006,DN Polo-Shirt,,Unisex,Shirt,L,Dark Blue,80
4961004567172,30352ECBB03763403B9ACA16,100006,DN Polo-Shirt,,Unisex,Shirt,L,Dark Blue,80
4961004567172,30352ECBB03763403B9ACA17,100006,DN Polo-Shirt,,Unisex,Shirt,L,Dark Blue,80
4961004567172,30352ECBB03763403B9ACA18,100006,DN Polo-Shirt,,Unisex,Shirt,L,Dark Blue,80
4961004567172,30352ECBB03763403B9ACA19,100006,DN Polo-Shirt,,Unisex,Shirt,L,Dark Blue,80
4961004567172,30352ECBB03763403B9ACA1A,100006,DN Polo-Shirt,,Unisex,Shirt,L,Dark Blue,80
4961004567165,30352ECBB03763003B9ACA01,100006,DN Polo-Shirt,,Unisex,Shirt,XL,Dark Blue,80
4961004567165,30352ECBB03763003B9ACA02,100006,DN Polo-Shirt,,Unisex,Shirt,XL,Dark Blue,80
4961004567165,30352ECBB03763003B9ACA03,100006,DN Polo-Shirt,,Unisex,Shirt,XL,Dark Blue,80
4961004567165,30352ECBB03763003B9ACA04,100006,DN Polo-Shirt,,Unisex,Shirt,XL,Dark Blue,80
4961004567165,30352ECBB03763003B9ACA05,100006,DN Polo-Shirt,,Unisex,Shirt,XL,Dark Blue,80
4961004567165,30352ECBB03763003B9ACA06,100006,DN Polo-Shirt,,Unisex,Shirt,XL,Dark Blue,80
4961004567165,30352ECBB03763003B9ACA07,100006,DN Polo-Shirt,,Unisex,Shirt,XL,Dark Blue,80
4961004567165,30352ECBB03763003B9ACA08,100006,DN Polo-Shirt,,Unisex,Shirt,XL,Dark Blue,80
4961004567165,30352ECBB03763003B9ACA09,100006,DN Polo-Shirt,,Unisex,Shirt,XL,Dark Blue,80
4961004567165,30352ECBB03763003B9ACA0A,100006,DN Polo-Shirt,,Unisex,Shirt,XL,Dark Blue,80
4961004567165,30352ECBB03763003B9ACA0B,100006,DN Polo-Shirt,,Unisex,Shirt,XL,Dark Blue,80
4961004567165,30352ECBB03763003B9ACA0C,100006,DN Polo-Shirt,,Unisex,Shirt,XL,Dark Blue,80
4961004567165,30352ECBB03763003B9ACA0D,100006,DN Polo-Shirt,,Unisex,Shirt,XL,Dark Blue,80
4961004567165,30352ECBB03763003B9ACA0E,100006,DN Polo-Shirt,,Unisex,Shirt,XL,Dark Blue,80
4961004567165,30352ECBB03763003B9ACA0F,100006,DN Polo-Shirt,,Unisex,Shirt,XL,Dark Blue,80
4961004567165,30352ECBB03763003B9ACA10,100006,DN Polo-Shirt,,Unisex,Shirt,XL,Dark Blue,80
4961004567165,30352ECBB03763003B9ACA11,100006,DN Polo-Shirt,,Unisex,Shirt,XL,Dark Blue,80
4961004567158,30352ECBB03762C03B9ACA01,100005,DN Polo-Shirt,,Unisex,Shirt,2XL,Dark Blue,80
4961004567158,30352ECBB03762C03B9ACA02,100005,DN Polo-Shirt,,Unisex,Shirt,2XL,Dark Blue,80
4961004567158,30352ECBB03762C03B9ACA03,100005,DN Polo-Shirt,,Unisex,Shirt,2XL,Dark Blue,80
4961004567158,30352ECBB03762C03B9ACA04,100005,DN Polo-Shirt,,Unisex,Shirt,2XL,Dark Blue,80
4961004567158,30352ECBB03762C03B9ACA05,100005,DN Polo-Shirt,,Unisex,Shirt,2XL,Dark Blue,80
4961004567158,30352ECBB03762C03B9ACA06,100005,DN Polo-Shirt,,Unisex,Shirt,2XL,Dark Blue,80
4961004567141,30352ECBB03762803B9ACA01,100005,DN Polo-Shirt,,Unisex,Shirt,3XL,Dark Blue,80
4961004567103,30352ECBB03761803B9ACA01,100004,DN Cap,,Unisex,Cap,Free Size,Black,20
4961004567103,30352ECBB03761803B9ACA02,100004,DN Cap,,Unisex,Cap,Free Size,Black,20
4961004567103,30352ECBB03761803B9ACA03,100004,DN Cap,,Unisex,Cap,Free Size,Black,20
4961004567103,30352ECBB03761803B9ACA04,100004,DN Cap,,Unisex,Cap,Free Size,Black,20
4961004567103,30352ECBB03761803B9ACA05,100004,DN Cap,,Unisex,Cap,Free Size,Black,20
4961004567103,30352ECBB03761803B9ACA06,100004,DN Cap,,Unisex,Cap,Free Size,Black,20
4961004567103,30352ECBB03761803B9ACA07,100004,DN Cap,,Unisex,Cap,Free Size,Black,20
4961004567103,30352ECBB03761803B9ACA08,100004,DN Cap,,Unisex,Cap,Free Size,Black,20
4961004567103,30352ECBB03761803B9ACA09,100004,DN Cap,,Unisex,Cap,Free Size,Black,20
4961004567103,30352ECBB03761803B9ACA0A,100004,DN Cap,,Unisex,Cap,Free Size,Black,20
4961004567103,30352ECBB03761803B9ACA0B,100004,DN Cap,,Unisex,Cap,Free Size,Black,20
4961004567103,30352ECBB03761803B9ACA0C,100004,DN Cap,,Unisex,Cap,Free Size,Black,20
4961004567103,30352ECBB03761803B9ACA0D,100004,DN Cap,,Unisex,Cap,Free Size,Black,20
4961004567103,30352ECBB03761803B9ACA0E,100004,DN Cap,,Unisex,Cap,Free Size,Black,20
